HISTORICAL DATA | 1998–2025 | TOTAL RETURNS + MACRO INPUTS,,,,,,,,,,,,
Annual data used by the model. Return columns are total returns where available. 1998–1999 provide warm-up observations; back-test sample begins 2000.,,,,,,,,,,,,
,,,,,,,,,,,,
Year,S&P 500 TR,US Small Cap TR,US 10Y T Bond TR,Baa Corp Bond TR,US Real Estate TR,Gold TR,3M T-Bill TR,Fed Funds Avg,Brent Avg ($/bbl),Return Source URL,Fed Source URL,Brent Source URL
1998,0.2834,-0.1347,0.1492,0.081,0.0644,-0.0083,0.0491,0.0535,12.76,https://pages.stern.nyu.edu/~adamodar/New_Home_Page/datafile/histretSP.html,https://fred.stlouisfed.org/series/RIFSPFFNA,https://fred.stlouisfed.org/series/DCOILBRENTEU
1999,0.2089,0.3771,-0.0825,0.0097,0.0768,0.0085,0.0478,0.0497,17.9,https://pages.stern.nyu.edu/~adamodar/New_Home_Page/datafile/histretSP.html,https://fred.stlouisfed.org/series/RIFSPFFNA,https://fred.stlouisfed.org/series/DCOILBRENTEU
2000,-0.0903,-0.0913,0.1666,0.0938,0.0929,-0.0544,0.06,0.0624,28.66,https://pages.stern.nyu.edu/~adamodar/New_Home_Page/datafile/histretSP.html,https://fred.stlouisfed.org/series/RIFSPFFNA,https://fred.stlouisfed.org/series/DCOILBRENTEU
2001,-0.1185,0.3214,0.0557,0.086,0.0668,0.0075,0.0348,0.0388,24.46,https://pages.stern.nyu.edu/~adamodar/New_Home_Page/datafile/histretSP.html,https://fred.stlouisfed.org/series/RIFSPFFNA,https://fred.stlouisfed.org/series/DCOILBRENTEU
2002,-0.2197,-0.0361,0.1512,0.1206,0.0956,0.2557,0.0164,0.0167,24.99,https://pages.stern.nyu.edu/~adamodar/New_Home_Page/datafile/histretSP.html,https://fred.stlouisfed.org/series/RIFSPFFNA,https://fred.stlouisfed.org/series/DCOILBRENTEU
2003,0.2836,0.9123,0.0038,0.1238,0.0981,0.1989,0.0103,0.0113,28.85,https://pages.stern.nyu.edu/~adamodar/New_Home_Page/datafile/histretSP.html,https://fred.stlouisfed.org/series/RIFSPFFNA,https://fred.stlouisfed.org/series/DCOILBRENTEU
2004,0.1074,0.173,0.0449,0.1033,0.1364,0.0465,0.014,0.0135,38.26,https://pages.stern.nyu.edu/~adamodar/New_Home_Page/datafile/histretSP.html,https://fred.stlouisfed.org/series/RIFSPFFNA,https://fred.stlouisfed.org/series/DCOILBRENTEU
2005,0.0483,0.0378,0.0287,0.0513,0.1351,0.1777,0.0322,0.0322,54.57,https://pages.stern.nyu.edu/~adamodar/New_Home_Page/datafile/histretSP.html,https://fred.stlouisfed.org/series/RIFSPFFNA,https://fred.stlouisfed.org/series/DCOILBRENTEU
2006,0.1561,0.184,0.0196,0.0527,0.0173,0.232,0.0485,0.0497,65.16,https://pages.stern.nyu.edu/~adamodar/New_Home_Page/datafile/histretSP.html,https://fred.stlouisfed.org/series/RIFSPFFNA,https://fred.stlouisfed.org/series/DCOILBRENTEU
2007,0.0548,-0.0911,0.1021,0.049,-0.054,0.3192,0.0448,0.0502,72.44,https://pages.stern.nyu.edu/~adamodar/New_Home_Page/datafile/histretSP.html,https://fred.stlouisfed.org/series/RIFSPFFNA,https://fred.stlouisfed.org/series/DCOILBRENTEU
2008,-0.3655,-0.4468,0.201,-0.0344,-0.12,0.0432,0.014,0.0192,96.94,https://pages.stern.nyu.edu/~adamodar/New_Home_Page/datafile/histretSP.html,https://fred.stlouisfed.org/series/RIFSPFFNA,https://fred.stlouisfed.org/series/DCOILBRENTEU
2009,0.2594,0.4694,-0.1112,0.1996,-0.0385,0.2504,0.0015,0.0016,61.74,https://pages.stern.nyu.edu/~adamodar/New_Home_Page/datafile/histretSP.html,https://fred.stlouisfed.org/series/RIFSPFFNA,https://fred.stlouisfed.org/series/DCOILBRENTEU
2010,0.1482,0.2773,0.0846,0.094,-0.0412,0.2924,0.0014,0.0018,79.61,https://pages.stern.nyu.edu/~adamodar/New_Home_Page/datafile/histretSP.html,https://fred.stlouisfed.org/series/RIFSPFFNA,https://fred.stlouisfed.org/series/DCOILBRENTEU
2011,0.021,-0.1404,0.1604,0.1226,-0.0389,0.1202,0.0005,0.001,111.26,https://pages.stern.nyu.edu/~adamodar/New_Home_Page/datafile/histretSP.html,https://fred.stlouisfed.org/series/RIFSPFFNA,https://fred.stlouisfed.org/series/DCOILBRENTEU
2012,0.1589,0.1896,0.0297,0.094,0.0644,0.0568,0.0009,0.0014,111.63,https://pages.stern.nyu.edu/~adamodar/New_Home_Page/datafile/histretSP.html,https://fred.stlouisfed.org/series/RIFSPFFNA,https://fred.stlouisfed.org/series/DCOILBRENTEU
2013,0.3215,0.503,-0.091,-0.0113,0.1072,-0.2761,0.0006,0.0011,108.56,https://pages.stern.nyu.edu/~adamodar/New_Home_Page/datafile/histretSP.html,https://fred.stlouisfed.org/series/RIFSPFFNA,https://fred.stlouisfed.org/series/DCOILBRENTEU
2014,0.1352,0.0153,0.1075,0.1075,0.045,0.0012,0.0003,0.0009,98.97,https://pages.stern.nyu.edu/~adamodar/New_Home_Page/datafile/histretSP.html,https://fred.stlouisfed.org/series/RIFSPFFNA,https://fred.stlouisfed.org/series/DCOILBRENTEU
2015,0.0138,-0.0912,0.0128,-0.015,0.0519,-0.1211,0.0005,0.0013,52.32,https://pages.stern.nyu.edu/~adamodar/New_Home_Page/datafile/histretSP.html,https://fred.stlouisfed.org/series/RIFSPFFNA,https://fred.stlouisfed.org/series/DCOILBRENTEU
2016,0.1177,0.1702,0.0069,0.1152,0.0531,0.081,0.0032,0.0039,43.64,https://pages.stern.nyu.edu/~adamodar/New_Home_Page/datafile/histretSP.html,https://fred.stlouisfed.org/series/RIFSPFFNA,https://fred.stlouisfed.org/series/DCOILBRENTEU
2017,0.2161,0.1513,0.028,0.0915,0.0621,0.1266,0.0095,0.01,54.13,https://pages.stern.nyu.edu/~adamodar/New_Home_Page/datafile/histretSP.html,https://fred.stlouisfed.org/series/RIFSPFFNA,https://fred.stlouisfed.org/series/DCOILBRENTEU
2018,-0.0423,-0.1621,-0.0002,-0.0318,0.0452,-0.0093,0.0197,0.0183,71.34,https://pages.stern.nyu.edu/~adamodar/New_Home_Page/datafile/histretSP.html,https://fred.stlouisfed.org/series/RIFSPFFNA,https://fred.stlouisfed.org/series/DCOILBRENTEU
2019,0.3121,0.1192,0.0964,0.1525,0.0369,0.1908,0.0211,0.0216,64.3,https://pages.stern.nyu.edu/~adamodar/New_Home_Page/datafile/histretSP.html,https://fred.stlouisfed.org/series/RIFSPFFNA,https://fred.stlouisfed.org/series/DCOILBRENTEU
2020,0.1802,0.3416,0.1133,0.106,0.1043,0.2417,0.0036,0.0037,41.96,https://pages.stern.nyu.edu/~adamodar/New_Home_Page/datafile/histretSP.html,https://fred.stlouisfed.org/series/RIFSPFFNA,https://fred.stlouisfed.org/series/DCOILBRENTEU
2021,0.2847,0.2241,-0.0442,0.0102,0.1886,-0.0375,0.0004,0.0008,70.86,https://pages.stern.nyu.edu/~adamodar/New_Home_Page/datafile/histretSP.html,https://fred.stlouisfed.org/series/RIFSPFFNA,https://fred.stlouisfed.org/series/DCOILBRENTEU
2022,-0.1804,-0.229,-0.1783,-0.1523,0.0565,0.0055,0.0209,0.0169,100.93,https://pages.stern.nyu.edu/~adamodar/New_Home_Page/datafile/histretSP.html,https://fred.stlouisfed.org/series/RIFSPFFNA,https://fred.stlouisfed.org/series/DCOILBRENTEU
