MACRO REGIME ENGINE | 4 SIGNALS → 4 REGIMES → 7-SLEEVE PORTFOLIO,,,,,,,,,,,,,,,,,,,,,,,,,,,
,,,,,,,,,,,,,,,,,,,,,,,,,,,
Year,Fed t-1,Fed t-2,Rate Sig,Brent t-1,Brent t-2,Energy Sig,S&P t-1 TR,Momentum Sig,Baa-TBond t-1,Credit Sig,Score,Regime,S&P Wt,Small Cap Wt,10Y Wt,Baa Wt,RE Wt,Gold Wt,Cash Wt,Strategy Ret,S&P Ret,Cash Ret,Strategy Cum,S&P Cum,Strategy DD,S&P DD,Commentary
2000,0.0478,0.0491,0,17.9,12.76,-1,0.2089,1,0.0922,1,1,Growth,0.3,0.1,0.15,0.1,0.1,0.1,0.15,0.010999999999999994,-0.0903,0.06,1.011,0.9097,0,0,Prior-year macro + market signals; annual rebalance at start of year.
2001,0.06,0.0478,-1,28.66,17.9,-1,-0.0903,-1,-0.0728,-1,-4,Defensive,0.1,0,0.25,0.2,0.2,0.2,0.05,0.035875,-0.1185,0.0348,1.047269625,0.8019005499999999,0,-0.11850000000000005,Prior-year macro + market signals; annual rebalance at start of year.
2002,0.0348,0.06,1,24.46,28.66,1,-0.1185,-1,0.030299999999999994,1,2,Risk-on,0.35,0.1,0.1,0.1,0.1,0.1,0.15,-0.015735,-0.2197,0.0164,1.030790837450625,0.625722999165,-0.015735000000000054,-0.31216555,Prior-year macro + market signals; annual rebalance at start of year.
2003,0.0164,0.0348,1,24.99,24.46,0,-0.2197,-1,-0.030600000000000002,-1,-1,Defensive,0.1,0,0.25,0.2,0.2,0.2,0.05,0.11398500000000002,0.2836,0.0103,1.1482855310574345,0.803178041728194,0,-0.11709569998000002,Prior-year macro + market signals; annual rebalance at start of year.
2004,0.0103,0.0164,1,28.85,24.99,-1,0.2836,1,0.12,1,2,Risk-on,0.35,0.1,0.1,0.1,0.1,0.1,0.15,0.0901,0.1074,0.014,1.2517460574057093,0.8894393634098019,0,-0.022271778157852085,Prior-year macro + market signals; annual rebalance at start of year.
2005,0.014,0.0103,-1,38.26,28.85,-1,0.1074,1,0.0584,1,0,Balanced,0.2,0.05,0.2,0.15,0.15,0.15,0.1,0.075125,0.0483,0.0322,1.345783479968313,0.9323992846624953,0,0,Prior-year macro + market signals; annual rebalance at start of year.
2006,0.0322,0.014,-1,54.57,38.26,-1,0.0483,0,0.0226,1,-1,Defensive,0.1,0,0.25,0.2,0.2,0.2,0.05,0.083335,0.1561,0.0485,1.4579343462714722,1.0779468129983107,0,0,Prior-year macro + market signals; annual rebalance at start of year.
2007,0.0485,0.0322,-1,65.16,54.57,-1,0.1561,1,0.0331,1,0,Balanced,0.2,0.05,0.2,0.15,0.15,0.15,0.1,0.078435,0.0548,0.0448,1.5722874267212752,1.137018298350618,0,0,Prior-year macro + market signals; annual rebalance at start of year.
2008,0.0448,0.0485,1,72.44,65.16,0,0.0548,0,-0.053099999999999994,-1,0,Balanced,0.2,0.05,0.2,0.15,0.15,0.15,0.1,-0.07051999999999999,-0.3655,0.014,1.461409717388891,0.7214381103034673,-0.07051999999999992,-0.36549999999999994,Prior-year macro + market signals; annual rebalance at start of year.
2009,0.014,0.0448,1,96.94,72.44,-1,-0.3655,-1,-0.2354,-1,-2,Defensive,0.1,0,0.25,0.2,0.2,0.2,0.05,0.08051500000000002,0.2594,0.0015,1.5790751207844576,0.9085791561161868,0,-0.20091069999999978,Prior-year macro + market signals; annual rebalance at start of year.
2010,0.0015,0.014,1,61.74,96.94,1,0.2594,1,0.31079999999999997,1,4,Risk-on,0.35,0.1,0.1,0.1,0.1,0.1,0.15,0.12279000000000001,0.1482,0.0014,1.772969754865581,1.0432305870526057,0,-0.08248566573999971,Prior-year macro + market signals; annual rebalance at start of year.
2011,0.0014,0.0015,0,79.61,61.74,-1,0.1482,1,0.009400000000000006,0,0,Balanced,0.2,0.05,0.2,0.15,0.15,0.15,0.1,0.059895,0.021,0.0005,1.879161778333255,1.0651384293807105,0,-0.0632178647205397,Prior-year macro + market signals; annual rebalance at start of year.
2012,0.0005,0.0014,0,111.26,79.61,-1,0.021,0,-0.037799999999999986,-1,-2,Defensive,0.1,0,0.25,0.2,0.2,0.2,0.05,0.0664,0.1589,0.0009,2.0039381204145834,1.2343889258093055,0,0,Prior-year macro + market signals; annual rebalance at start of year.
2013,0.0009,0.0005,0,111.63,111.26,0,0.1589,1,0.0643,1,2,Risk-on,0.35,0.1,0.1,0.1,0.1,0.1,0.15,0.13579500000000003,0.3215,0.0006,2.276062897476282,1.6312449654569972,0,0,Prior-year macro + market signals; annual rebalance at start of year.
2014,0.0006,0.0009,0,108.56,111.63,0,0.3215,1,0.0797,1,2,Risk-on,0.35,0.1,0.1,0.1,0.1,0.1,0.15,0.075015,0.1352,0.0003,2.4468017557304655,1.8517892847867832,0,0,Prior-year macro + market signals; annual rebalance at start of year.
2015,0.0003,0.0006,0,98.97,108.56,0,0.1352,1,0,0,1,Growth,0.3,0.1,0.15,0.1,0.1,0.1,0.15,-0.011405000000000002,0.0138,0.0005,2.4188959817063598,1.8773439769168407,-0.011404999999999887,0,Prior-year macro + market signals; annual rebalance at start of year.
2016,0.0005,0.0003,0,52.32,98.97,1,0.0138,0,-0.0278,-1,0,Balanced,0.2,0.05,0.2,0.15,0.15,0.15,0.1,0.071145,0.1177,0.0032,2.590988336324859,2.098307362999953,0,0,Prior-year macro + market signals; annual rebalance at start of year.
2017,0.0032,0.0005,-1,43.64,52.32,1,0.1177,1,0.1083,1,2,Risk-on,0.35,0.1,0.1,0.1,0.1,0.1,0.15,0.12301,0.2161,0.0095,2.90970581157618,2.5517515841442426,0,0,Prior-year macro + market signals; annual rebalance at start of year.
2018,0.0095,0.0032,-1,54.13,43.64,-1,0.2161,1,0.0635,1,0,Balanced,0.2,0.05,0.2,0.15,0.15,0.15,0.1,-0.014019999999999998,-0.0423,0.0197,2.8689117360978815,2.443812492134941,-0.014020000000000032,-0.042300000000000004,Prior-year macro + market signals; annual rebalance at start of year.
2019,0.0197,0.0095,-1,71.34,54.13,-1,-0.0423,-1,-0.0316,-1,-4,Defensive,0.1,0,0.25,0.2,0.2,0.2,0.05,0.132405,0.3121,0.0211,3.2487699945159214,3.2065263709302565,0,0,Prior-year macro + market signals; annual rebalance at start of year.
2020,0.0211,0.0197,0,64.3,71.34,0,0.3121,1,0.0561,1,2,Risk-on,0.35,0.1,0.1,0.1,0.1,0.1,0.15,0.15430000000000002,0.1802,0.0036,3.7500552046697284,3.7843424229718883,0,0,Prior-year macro + market signals; annual rebalance at start of year.
2021,0.0036,0.0211,1,41.96,64.3,1,0.1802,1,-0.007300000000000001,0,3,Risk-on,0.35,0.1,0.1,0.1,0.1,0.1,0.15,0.133825,0.2847,0.0004,4.251906342434655,4.861744710791985,0,0,Prior-year macro + market signals; annual rebalance at start of year.
2022,0.0004,0.0036,1,70.86,41.96,-1,0.2847,1,0.054400000000000004,1,2,Risk-on,0.35,0.1,0.1,0.1,0.1,0.1,0.15,-0.10976500000000002,-0.1804,0.0209,3.785195842757315,3.984685964965111,-0.109765,-0.1804,Prior-year macro + market signals; annual rebalance at start of year.
2023,0.0209,0.0004,-1,100.93,70.86,-1,-0.1804,-1,0.025999999999999995,1,-2,Defensive,0.1,0,0.25,0.2,0.2,0.2,0.05,0.09376000000000001,0.2606,0.0528,4.140095804974241,5.023095127435019,-0.0262965664,0,Prior-year macro + market signals; annual rebalance at start of year.
2024,0.0528,0.0209,-1,82.49,100.93,1,0.2606,1,0.048600000000000004,1,2,Risk-on,0.35,0.1,0.1,0.1,0.1,0.1,0.15,0.13357,0.2488,0.0518,4.6930884016446495,6.272841195140851,0,0,Prior-year macro + market signals; annual rebalance at start of year.
2025,0.0518,0.0528,0,80.52,82.49,0,0.2488,1,0.0338,1,2,Risk-on,0.35,0.1,0.1,0.1,0.1,0.1,0.15,0.16763499999999998,0.1778,0.0421,5.47981427585435,7.388152359636893,0,0,Prior-year macro + market signals; annual rebalance at start of year.
